{"0.0749179868233365":{"user_id":5},"0.36090873491516695":{"user_id":5},"0.735014320329747":{"user_id":5},"0.6104363502646006":{"user_id":5},"0.7976466193761582":{"user_id":5},"0.4905828304913631":{"user_id":6},"0.2614281320926424":{"user_id":6}}